{"loss": [0.4594110688706635, 0.36724696610174346, 0.3618810694313332, 0.3599875965562476, 0.3544122135505021, 0.3509454354888717, 0.34975147571303755, 0.34117673874538923, 0.33788605008951755, 0.3364222075215718, 0.32886631183735343, 0.32608523092280867, 0.3236592292998706, 0.31519984391036104, 0.293218013419481, 0.29148788258652, 0.2909201814715685, 0.2909322840536689, 0.2872288422603637, 0.2825118520005918, 0.2832940224267828, 0.2741688418401298, 0.2704241526844711, 0.26640012445995975, 0.2649265060769821, 0.2620442600303807, 0.26331872948426954, 0.262100457122106, 0.25910220914483, 0.26020506931921966, 0.2584153182430418, 0.2563517506735009, 0.2534185948076653, 0.26232479056959157, 0.2637096633513706], "val_loss": [0.3733946295611253, 0.35944432567045415, 0.35782020528164166, 0.3582105630034199, 0.343847478160774, 0.34612545776018294, 0.35715820210806015, 0.32449978225026704, 0.3254675036319024, 0.3158429944100331, 0.3138483457217229, 0.31018056142242506, 0.30722548730594224, 0.28627820913252916, 0.2745412479686566, 0.2722845253964104, 0.27317462830481054, 0.2666659159119315, 0.25867594463418914, 0.262149584649322, 0.24958633037400044, 0.24157785258139436, 0.24495924052828702, 0.23614842309314152, 0.2367296048929308, 0.23692555788297315, 0.2324922725917984, 0.2286173388917454, 0.23242517445756755, 0.23430208278692427, 0.2285792646511009, 0.22783438490847369, 0.2317783153709477, 0.26505729113574306, 0.2293601680880804]}