{"loss": [0.26786655954160743, 0.20406991852513684, 0.21535285613636962, 0.205546724063126, 0.20277169408986023, 0.20520431518071372, 0.19616434281571563, 0.1950394525751367, 0.19392515370907296, 0.1943685887755325], "val_loss": [0.18235789019367457, 0.18270168428406788, 0.20813748140216734, 0.17759948302075412, 0.17762978690757592, 0.1723957647477428, 0.17205492965943592, 0.1724833824865245, 0.17354359772931852, 0.1729888845777325]}