{"loss": [0.4564366898475882, 0.3667733308271852, 0.3583025088620567, 0.35257431994324157, 0.3509639781494564, 0.34949671458145465, 0.3488835631678884, 0.3473679067881921, 0.35012755529066947, 0.3488767468270516, 0.35024740576978847], "val_loss": [0.3514266852969877, 0.3265700622475991, 0.32747261821343254, 0.3171116429115445, 0.31891140524643097, 0.31459575994820166, 0.31246345747330534, 0.31194720515701335, 0.31761069936704023, 0.3195743686772403, 0.31723655657223576]}