{"loss": [0.4731270363897807, 0.3322643937494742, 0.3156122058801392, 0.30764336980610213, 0.2997189531113111, 0.2967746210475051, 0.2945255802299195, 0.3115749498182614, 0.33016469071618015], "val_loss": [0.37376040266715427, 0.2751089895534721, 0.2703260714438495, 0.26626115552629614, 0.2574167320811566, 0.24694355204747487, 0.2532340234884684, 0.25862802971537086, 0.26521399764221415]}