{"loss": [0.38496114197513054, 0.21934848591349468, 0.1955920976188597, 0.18668349206430296, 0.1732751094141052, 0.15751583320091536, 0.16479866213485544, 0.14951724784095632, 0.14971959570132176, 0.1453419019520727, 0.14414860578608793, 0.19792451631568134], "val_loss": [0.23486322960232472, 0.19456977650157342, 0.17933282834230696, 0.16668874259494693, 0.14479266075774697, 0.1383261593522972, 0.13621975716658044, 0.1324677309224288, 0.12911754486869909, 0.1302234170536358, 0.1296152921567377, 0.15722570556147078]}