{"loss": [0.282613191142212, 0.2318926829395492, 0.22965866241074614, 0.22812711719405224, 0.22796776670182828, 0.21043894385532963, 0.20316884695072496, 0.20316341710867633, 0.19993223222464104, 0.19916822742786208, 0.20027962405686536, 0.20152572023455242], "val_loss": [0.22781916914573203, 0.21742026865324937, 0.21942962994739842, 0.21923523014208113, 0.2084423525631498, 0.18636584370173556, 0.1816233221441639, 0.1896491750261392, 0.18119456806002415, 0.18665558783402403, 0.18528458302311346, 0.1832641214123526]}