{"loss": [0.3375390335043737, 0.23590133368807004, 0.23159308915896043, 0.22415063952034922, 0.22204701614900804, 0.2208619352579481, 0.2178570822321649], "val_loss": [0.2432059046676123, 0.21639564310785023, 0.21037574613085933, 0.20691696122064784, 0.21257571288172167, 0.20888377203540248, 0.21107797229491537]}