{"loss": [0.33329487956986964, 0.2308648227714768, 0.21408086293953724, 0.20867460380716776, 0.20987776722138546, 0.20933895233023792, 0.19748355202731854, 0.2009118356904294, 0.22948191180057143, 0.1991620963625441, 0.24029443885014184], 
"val_loss": [0.17606429899023818, 0.16259453382218272, 0.139987897655867, 0.1373070565881239, 0.1418134891514678, 0.14413265764640457, 0.13346062407926138, 0.13168976800293353, 0.13748502578173102, 0.13294651030200172, 0.21139158246945008]}